Supplier,FabricPattern,FabricColor,AllsteelCode,HONCode,OtherCode,SupplierCode,Scene7Name,Resolution,RGB,RepeatType,Type
CULP,Dotty,Berry,DOT62,DOT62,,,culp-dotty-berry,200,,0,Fabric
CULP,Dotty,Black,DOT10,DOT10,,,culp-dotty-black,200,,0,Fabric
CULP,Dotty,Crimini,DOT28,DOT28,,,culp-dotty-crimini,200,,0,Fabric
CULP,Dotty,Mosaic,DOT26,DOT26,,,culp-dotty-mosaic,200,,0,Fabric
CULP,Dotty,Peat,DOT24,DOT24,,,culp-dotty-peat,200,,0,Fabric
CULP,Dotty,Pewter,DOT19,DOT19,,,culp-dotty-pewter,200,,0,Fabric
CULP,Dotty,Sepia,DOT49,DOT49,,,culp-dotty-sepia,200,,0,Fabric
CULP,Dotty,Tide,DOT90,DOT90,,,culp-dotty-tide,200,,0,Fabric
CULP,Dotty,Toffee,DOT76,DOT76,,,culp-dotty-toffee,200,,0,Fabric
CULP,Dotty,Tomatillo,DOT82,DOT82,,,culp-dotty-tomatillo,200,,0,Fabric
HBF Textiles,Abito,Arco,ABI90,,,,hbftextiles-abito-arco,250,,0,Fabric
HBF Textiles,Abito,Como,ABI10,,,,hbftextiles-abito-como,250,,0,Fabric
HBF Textiles,Abito,Garda,ABI80,,,,hbftextiles-abito-garda,250,,0,Fabric
HBF Textiles,Abito,Idro,ABI35,,,,hbftextiles-abito-idro,250,,0,Fabric
HBF Textiles,Abito,Maggiore,ABI39,,,,hbftextiles-abito-maggiore,250,,0,Fabric
HBF Textiles,Afghan,Alabaster,AFG10,,,,hbftextiles-afghan-alabaster,180,,2,Fabric
HBF Textiles,Afghan,Melange,AFG37,,,,hbftextiles-afghan-melange,180,,2,Fabric
HBF Textiles,Afghan,Mulch,AFG39,,,,hbftextiles-afghan-mulch,180,,2,Fabric
HBF Textiles,Afghan,Putty,AFG18,,,,hbftextiles-afghan-putty,180,,2,Fabric
HBF Textiles,Afghan,Sterling,AFG81,,,,hbftextiles-afghan-sterling,180,,2,Fabric
HBF Textiles,Afghan,Truffle,AFG35,,,,hbftextiles-afghan-truffle,180,,2,Fabric
HBF Textiles,Against the Grain,Carrot Top,AGG45,,,,hbftextiles-againstthegrain-carrottop,135,,0,Fabric
HBF Textiles,Against the Grain,Change of Scenery,AGG63,,,,hbftextiles-againstthegrain-changeofscenery,135,,0,Fabric
HBF Textiles,Against the Grain,Dark Horse,AGG88,,,,hbftextiles-againstthegrain-darkhorse,135,,0,Fabric
HBF Textiles,Against the Grain,Fickle,AGG56,,,,hbftextiles-againstthegrain-fickle,135,,0,Fabric
HBF Textiles,Against the Grain,Laugh Out Loud,AGG77,,,,hbftextiles-againstthegrain-laughoutloud,135,,0,Fabric
HBF Textiles,Against the Grain,Rolling Stone,AGG35,,,,hbftextiles-againstthegrain-rollingstone,135,,0,Fabric
HBF Textiles,Against the Grain,Secret Concoction,AGG44,,,,hbftextiles-againstthegrain-secretconcoction,135,,0,Fabric
HBF Textiles,Against the Grain,Veer,AGG84,,,,hbftextiles-againstthegrain-veer,135,,0,Fabric
HBF Textiles,Against the Grain,Whiteout,AGG11,,,,hbftextiles-againstthegrain-whiteout,135,,0,Fabric
HBF Textiles,Andante Encore,Bronzo,ADE31,,,,hbftextiles-andanteencore-bronzo,200,,0,Fabric
HBF Textiles,Andante Encore,Bruno,ADE39,,,,hbftextiles-andanteencore-bruno,200,,0,Fabric
HBF Textiles,Andante Encore,Cammello,ADE20,,,,hbftextiles-andanteencore-cammello,200,,0,Fabric
HBF Textiles,Andante Encore,Crema,ADE11,,,,hbftextiles-andanteencore-crema,200,,0,Fabric
HBF Textiles,Andante Encore,Note/Giorno,ADE90,,,,hbftextiles-andanteencore-notegiorno,200,,0,Fabric
HBF Textiles,Andante Encore,Pietra,ADE16,,,,hbftextiles-andanteencore-pietra,200,,0,Fabric
HBF Textiles,Bumpy,Blue,BPY55,,,,hbftextiles-bumpy-blue,170,,0,Fabric
HBF Textiles,Bumpy,Bright Blue,BPY51,,,,hbftextiles-bumpy-brightblue,170,,0,Fabric
HBF Textiles,Bumpy,Cool Neutral,BPY84,,,,hbftextiles-bumpy-coolneutral,170,,0,Fabric
HBF Textiles,Bumpy,Dark Blue,BPY59,,,,hbftextiles-bumpy-darkblue,170,,0,Fabric
HBF Textiles,Bumpy,Dark Yellow Green,BPY62,,,,hbftextiles-bumpy-darkyellowgreen,170,,0,Fabric
HBF Textiles,Bumpy,Deep Cool Neutral,BPY89,,,,hbftextiles-bumpy-deepcoolneutral,170,,0,Fabric
HBF Textiles,Bumpy,Deep Warm Neutral,BPY39,,,,hbftextiles-bumpy-deepwarmneutral,170,,0,Fabric
HBF Textiles,Bumpy,Grey,BPY81,,,,hbftextiles-bumpy-grey,170,,0,Fabric
HBF Textiles,Bumpy,Light Blue Green,BPY56,,,,hbftextiles-bumpy-lightbluegreen,170,,0,Fabric
HBF Textiles,Bumpy,Medium Warm Neutral,BPY37,,,,hbftextiles-bumpy-mediumwarmneutral,170,,0,Fabric
HBF Textiles,Bumpy,Orange,BPY45,,,,hbftextiles-bumpy-orange,170,,0,Fabric
HBF Textiles,Bumpy,Purple Pink,BPY77,,,,hbftextiles-bumpy-purplepink,170,,0,Fabric
HBF Textiles,Bumpy,Putty,BPY18,,,,hbftextiles-bumpy-putty,170,,0,Fabric
HBF Textiles,Bumpy,Red,BPY44,,,,hbftextiles-bumpy-red,170,,0,Fabric
HBF Textiles,Bumpy,Red-Orange,BPY43,,,,hbftextiles-bumpy-redorange,170,,0,Fabric
HBF Textiles,Bumpy,Ture Blue,BPY58,,,,hbftextiles-bumpy-tureblue,170,,0,Fabric
HBF Textiles,Bumpy,Warm Neutral,BPY20,,,,hbftextiles-bumpy-warmneutral,170,,0,Fabric
HBF Textiles,Bumpy,White,BPY10,,,,hbftextiles-bumpy-white,170,,0,Fabric
HBF Textiles,Bumpy,Yellow,BPY22,,,,hbftextiles-bumpy-yellow,170,,0,Fabric
HBF Textiles,Bumpy,Yellow Green,BPY63,,,,hbftextiles-bumpy-yellowgreen,170,,0,Fabric
HBF Textiles,Chatterbox-GI,Chris,CAT56R,,,,hbftextiles-chatterboxgi-chris,200,,0,Fabric
HBF Textiles,Chatterbox-GI,Cindy,CAT22R,,,,hbftextiles-chatterboxgi-cindy,200,,0,Fabric
HBF Textiles,Chatterbox-GI,Fred,CAT37R,,,,hbftextiles-chatterboxgi-fred,200,,0,Fabric
HBF Textiles,Chatterbox-GI,Jane,CAT53R,,,,hbftextiles-chatterboxgi-jane,200,,0,Fabric
HBF Textiles,Chatterbox-GI,Kim,CAT44R,,,,hbftextiles-chatterboxgi-kim,200,,0,Fabric
HBF Textiles,Chatterbox-GI,Lori,CAT20R,,,,hbftextiles-chatterboxgi-lori,200,,0,Fabric
HBF Textiles,Chatterbox-GI,Nora,CAT80R,,,,hbftextiles-chatterboxgi-nora,200,,0,Fabric
HBF Textiles,Crossing the Line,Blue Moon,CRL59,,,,hbftextiles-crossingtheline-bluemoon,250,,0,Fabric
HBF Textiles,Crossing the Line,Carrot Top,CRL45,,,,hbftextiles-crossingtheline-carrottop,250,,0,Fabric
HBF Textiles,Crossing the Line,Churning Butter,CRL22,,,,hbftextiles-crossingtheline-churningbutter,250,,0,Fabric
HBF Textiles,Crossing the Line,Fickle,CRL56,,,,hbftextiles-crossingtheline-fickle,250,,0,Fabric
HBF Textiles,Crossing the Line,Four Leaf Clover,CRL62,,,,hbftextiles-crossingtheline-fourleafclover,250,,0,Fabric
HBF Textiles,Crossing the Line,Laugh Out Loud,CRL77,,,,hbftextiles-crossingtheline-laughoutloud,250,,0,Fabric
HBF Textiles,Crossing the Line,Secret Concoction,CRL44,,,,hbftextiles-crossingtheline-secretconcoction,250,,0,Fabric
HBF Textiles,Crossing the Line,Turn the Tide,CRL39,,,,hbftextiles-crossingtheline-turnthetide,250,,0,Fabric
HBF Textiles,Crossing the Line,Veer,CRL84,,,,hbftextiles-crossingtheline-veer,250,,0,Fabric
HBF Textiles,Crossing the Line,Whiteout,CRL11,,,,hbftextiles-crossingtheline-whiteout,250,,0,Fabric
HBF Textiles,Four of a Kind,Cornflower,FOK55,,,,hbftextiles-fourofakind-cornflower,230,,0,Fabric
HBF Textiles,Four of a Kind,Mushroom,FOK37,,,,hbftextiles-fourofakind-mushroom,230,,0,Fabric
HBF Textiles,Four of a Kind,Robust,FOK44,,,,hbftextiles-fourofakind-robust,230,,0,Fabric
HBF Textiles,Four of a Kind,Sand,FOK20,,,,hbftextiles-fourofakind-sand,230,,0,Fabric
HBF Textiles,Four of a Kind,Tofu,FOK39,,,,hbftextiles-fourofakind-tofu,230,,0,Fabric
HBF Textiles,High Rise,Tribune,HIG18R,,,,hbftextiles-highrise-tribune,200,,0,Fabric
HBF Textiles,High Rise,Wainwright,HIG43R,,,,hbftextiles-highrise-wainwright,200,,0,Fabric
HBF Textiles,Hipster,Durkin Classis,HPT11R,,,,hbftextiles-hipster-durkinclassis,200,,0,Fabric
HBF Textiles,Hipster,Hunting Stark,HPT84R,,,,hbftextiles-hipster-huntingstark,200,,0,Fabric
HBF Textiles,I-Beam,Molten,IBE41,,,,hbftextiles-ibeam-molten,240,,0,Fabric
HBF Textiles,I-Beam,Sky Blue,IBE55,,,,hbftextiles-ibeam-skyblue,240,,0,Fabric
HBF Textiles,Rib Stitch,Bark,RIB39,,,,hbftextiles-ribstitch-bark,250,,0,Fabric
HBF Textiles,Rib Stitch,Bittersweet,RIB35,,,,hbftextiles-ribstitch-bittersweet,250,,0,Fabric
HBF Textiles,Rib Stitch,Doeskin,RIB37,,,,hbftextiles-ribstitch-doeskin,250,,0,Fabric
HBF Textiles,Rib Stitch,Frost,RIB10,,,,hbftextiles-ribstitch-frost,250,,0,Fabric
HBF Textiles,Rib Stitch,Seal,RIB84,,,,hbftextiles-ribstitch-seal,250,,0,Fabric
HBF Textiles,Rib Stitch,Travertine,RIB16,,,,hbftextiles-ribstitch-travertine,250,,0,Fabric
ITG,Appoint,Artichoke,APN911,PN11,,,itg-appoint-artichoke,150,,0,Fabric
ITG,Appoint,Chai,APN912,PN12,,,itg-appoint-chai,150,,0,Fabric
ITG,Appoint,Copper,APN918,PN18,,,itg-appoint-copper,150,,0,Fabric
ITG,Appoint,Dark Pewter,APN917,PN17,,,itg-appoint-darkpewter,150,,0,Fabric
ITG,Appoint,Dune,APN915,PN15,,,itg-appoint-dune,150,,0,Fabric
ITG,Appoint,Morel,APN909,PN09,,,itg-appoint-morel,150,,0,Fabric
ITG,Appoint,Nimbus,APN916,PN16,,,itg-appoint-nimbus,150,,0,Fabric
ITG,Appoint,Turmeric,APN910,PN10,,,itg-appoint-turmeric,150,,0,Fabric
ITG,Appoint,Walnut,APN913,PN13,,,itg-appoint-walnut,150,,0,Fabric
ITG,Appoint Seating,Blackberry,PNS012,PNS012,,,itg-appointseating-blackberry,150,,0,Fabric
ITG,Appoint Seating,Bronze,PNS002,PNS002,,,itg-appointseating-bronze,150,,0,Fabric
ITG,Appoint Seating,Carbon,PNS008,PNS008,,,itg-appointseating-carbon,150,,0,Fabric
ITG,Appoint Seating,Cherry,PNS010,PNS010,,,itg-appointseating-cherry,150,,0,Fabric
ITG,Appoint Seating,Expresso,PNS003,,,,itg-appointseating-expresso,150,,0,Fabric
ITG,Appoint Seating,Framboise,PNS011,PNS011,,,itg-appointseating-framboise,150,,0,Fabric
ITG,Appoint Seating,Jet,PNS007,PNS007,,,itg-appointseating-jet,150,,0,Fabric
ITG,Appoint Seating,Lawn,PNS005,PNS005,,,itg-appointseating-lawn,150,,0,Fabric
ITG,Appoint Seating,Mandarin,PNS009,PNS009,,,itg-appointseating-mandarin,150,,0,Fabric
ITG,Appoint Seating,Morel,PNS001,PNS001,,,itg-appointseating-morel,150,,0,Fabric
ITG,Appoint Seating,Platinum,PNS004,PNS004,,,itg-appointseating-platinum,150,,0,Fabric
ITG,Appoint Seating,Turquoise,PNS006,PNS006,,,itg-appointseating-turquoise,150,,0,Fabric
ITG,Centurion,Berry,CTU62,CU62,,,itg-centurion-berry,150,,2,Fabric
ITG,Centurion,Black,CTU10,CU10,,,itg-centurion-black,150,,2,Fabric
ITG,Centurion,Cerulean,CTU90,CU90,,,itg-centurion-cerulean,150,,2,Fabric
ITG,Centurion,Espresso,CTU49,CU49,,,itg-centurion-espresso,150,,2,Fabric
ITG,Centurion,Iron Ore,CTU19,CU19,,,itg-centurion-ironore,150,,2,Fabric
ITG,Centurion,Olivine,CTU82,CU82,,,itg-centurion-olivine,150,,2,Fabric
ITG,Centurion,Poppy,CTU42,CU42,,,itg-centurion-poppy,150,,2,Fabric
ITG,Hotspot,Sugar,HTS01,,,,itg-hotspot-sugar,180,,0,Fabric
ITG,Hotspot,Cloud,HTS02,,,,itg-hotspot-cloud,180,,0,Fabric
ITG,Hotspot,Charcoal,HTS03,,,,itg-hotspot-charcoal,180,,0,Fabric
ITG,Hotspot,Pumice,HTS04,,,,itg-hotspot-pumice,180,,0,Fabric
ITG,Hotspot,Chai,HTS05,,,,itg-hotspot-chai,180,,0,Fabric
ITG,Hotspot,Meteor,HTS06,,,,itg-hotspot-meteor,180,,0,Fabric
ITG,Hotspot,Mushroom,HTS07,,,,itg-hotspot-mushroom,180,,0,Fabric
ITG,Hotspot,Sunny,HTS08,,,,itg-hotspot-sunny,180,,0,Fabric
ITG,Hotspot,Persimmon,HTS09,,,,itg-hotspot-persimmon,180,,0,Fabric
ITG,Hotspot,Scarlet,HTS10,,,,itg-hotspot-scarlet,180,,0,Fabric
ITG,Hotspot,Blackberry,HTS11,,,,itg-hotspot-blackberry,180,,0,Fabric
ITG,Hotspot,Lime,HTS12,,,,itg-hotspot-lime,180,,0,Fabric
ITG,Hotspot,Leaf,HTS13,,,,itg-hotspot-leaf,180,,0,Fabric
ITG,Hotspot,Sky,HTS14,,,,itg-hotspot-sky,180,,0,Fabric
ITG,Hotspot,Royal,HTS15,,,,itg-hotspot-royal,180,,0,Fabric
Maharam,Ditto,Prairie,DTT008,X6DTT008,,,maharam-ditto-prairie,60,,0,Fabric
Maharam,Manner,Magic,MAN001,MAN001,,,maharam-manner-magic,200,,6,Fabric
Maharam,Manner,Carob,MAN002,MAN002,,,maharam-manner-carob,200,,6,Fabric
Maharam,Manner,Porpoise,MAN003,MAN003,,,maharam-manner-porpoise,200,,6,Fabric
Maharam,Manner,Flint,MAN004,MAN004,,,maharam-manner-flint,200,,6,Fabric
Maharam,Manner,Hush,MAN005,MAN005,,,maharam-manner-hush,200,,6,Fabric
Maharam,Manner,Nuance,MAN006,MAN006,,,maharam-manner-nuance,200,,6,Fabric
Maharam,Manner,Thicket,MAN007,MAN007,,,maharam-manner-thicket,200,,6,Fabric
Maharam,Manner,Cocoa,MAN008,MAN008,,,maharam-manner-cocoa,200,,6,Fabric
Maharam,Manner,Pathway,MAN009,MAN009,,,maharam-manner-pathway,200,,6,Fabric
Maharam,Manner,Cola,MAN010,MAN010,,,maharam-manner-cola,200,,6,Fabric
Maharam,Manner,Ember,MAN011,MAN011,,,maharam-manner-ember,200,,6,Fabric
Maharam,Manner,Wagon,MAN012,MAN012,,,maharam-manner-wagon,200,,6,Fabric
Maharam,Manner,Ablaze,MAN013,MAN013,,,maharam-manner-ablaze,200,,6,Fabric
Maharam,Manner,Peel,MAN014,MAN014,,,maharam-manner-peel,200,,6,Fabric
Maharam,Manner,Penny,MAN015,MAN015,,,maharam-manner-penny,200,,6,Fabric
Maharam,Manner,Butterscotch,MAN016,MAN016,,,maharam-manner-butterscotch,200,,6,Fabric
Maharam,Manner,Harvest,MAN017,MAN017,,,maharam-manner-harvest,200,,6,Fabric
Maharam,Manner,Lioness,MAN018,MAN018,,,maharam-manner-lioness,200,,6,Fabric
Maharam,Manner,Caper,MAN019,MAN019,,,maharam-manner-caper,200,,6,Fabric
Maharam,Manner,Parakeet,MAN020,MAN020,,,maharam-manner-parakeet,200,,6,Fabric
Maharam,Manner,Greenway,MAN021,MAN021,,,maharam-manner-greenway,200,,6,Fabric
Maharam,Manner,Aquatic,MAN022,MAN022,,,maharam-manner-aquatic,200,,6,Fabric
Maharam,Manner,Cottage,MAN023,MAN023,,,maharam-manner-cottage,200,,6,Fabric
Maharam,Manner,Dahlia,MAN024,MAN024,,,maharam-manner-dahlia,200,,6,Fabric
Maharam,Manner,Vivid,MAN025,MAN025,,,maharam-manner-vivid,200,,6,Fabric
Maharam,Manner,Basin,MAN026,MAN026,,,maharam-manner-basin,200,,6,Fabric
Maharam,Manner,Schooner,MAN027,MAN027,,,maharam-manner-schooner,200,,6,Fabric
Maharam,Medium,Raven,MDM001,X2MD01,,,maharam-medium-raven,140,,0,Fabric
Maharam,Medium,Smoke,MDM002,X2MD02,,,maharam-medium-smoke,140,,0,Fabric
Maharam,Medium,Alloy,MDM003,X2MD03,,,maharam-medium-alloy,140,,0,Fabric
Maharam,Medium,Flax,MDM004,X2MD04,,,maharam-medium-flax,140,,0,Fabric
Maharam,Medium,Bark,MDM006,X2MD06,,,maharam-medium-bark,140,,0,Fabric
Maharam,Medium,Espresso,MDM007,X2MD07,,,maharam-medium-espresso,140,,0,Fabric
Maharam,Medium,Pecan,MDM008,X2MD08,,,maharam-medium-pecan,140,,0,Fabric
Maharam,Medium,Pumpkin,MDM012,X2MD12,,,maharam-medium-pumpkin,140,,0,Fabric
Maharam,Medium,Persimmon,MDM013,X2MD13,,,maharam-medium-persimmon,140,,0,Fabric
Maharam,Medium,Port,MDM016,X2MD16,,,maharam-medium-port,140,,0,Fabric
Maharam,Medium,Prospect,MDM032,MDM032,,,maharam-medium-prospect,140,,0,Fabric
Maharam,Medium,Delight,MDM036,MDM036,,,maharam-medium-delight,140,,0,Fabric
Maharam,Medium,Nautical,MDM039,MDM039,,,maharam-medium-nautical,140,,0,Fabric
Maharam,Medium,Pool,MDM040,MDM040,,,maharam-medium-pool,140,,0,Fabric
Maharam,Messenger,Tobacco,GRM906,GRM006,,,maharam-messenger-tobacco,220,,0,Fabric
Maharam,Messenger,Bayou,GRM908,GRM008,,,maharam-messenger-bayou,220,,0,Fabric
Maharam,Messenger,Poppy,GRM924,GRM024,,,maharam-messenger-poppy,220,,0,Fabric
Maharam,Messenger,Mao,GRM925,GRM025,,,maharam-messenger-mao,220,,0,Fabric
Maharam,Messenger,Onyx,GRM929,GRM029,,,maharam-messenger-onyx,220,,0,Fabric
Maharam,Messenger,Cloud,GRM931,GRM031,,,maharam-messenger-cloud,220,,0,Fabric
Maharam,Messenger,Depth,GRM938,GRM038,,,maharam-messenger-depth,220,,0,Fabric
Maharam,Messenger,Nile,GRM940,GRM040,,,maharam-messenger-nile,220,,0,Fabric
Maharam,Messenger,Azure,GRM941,GRM041,,,maharam-messenger-azure,220,,0,Fabric
Maharam,Messenger,Cactus,GRM945,GRM045,,,maharam-messenger-cactus,220,,0,Fabric
Maharam,Messenger,Ice,GRM946,GRM046,,,maharam-messenger-ice,220,,0,Fabric
Maharam,Messenger,Turf,GRM947,GRM047,,,maharam-messenger-turf,220,,0,Fabric
Maharam,Messenger,Neon,GRM948,GRM048,,,maharam-messenger-neon,220,,0,Fabric
Maharam,Messenger,Hydrangea,GRM950,GRM050,,,maharam-messenger-hydrangea,220,,0,Fabric
Maharam,Messenger,Lilac,GRM951,GRM051,,,maharam-messenger-lilac,220,,0,Fabric
Maharam,Messenger,Chestnut,GRM952,GRM083,,,maharam-messenger-chestnut,220,,0,Fabric
Maharam,Messenger,Tangelo,GRM953,GRM053,,,maharam-messenger-tangelo,220,,0,Fabric
Maharam,Messenger,Lumine,GRM954,GRM054,,,maharam-messenger-lumine,220,,0,Fabric
Maharam,Metric,Phantom,MET001,SMHMMET001,,,maharam-metric-phantom,220,,0,Fabric
Maharam,Metric,Fog,MET002,SMHMMET002,,,maharam-metric-fog,220,,0,Fabric
Maharam,Metric,Fleece,MET003,SMHMMET003,,,maharam-metric-fleece,220,,0,Fabric
Maharam,Metric,Sourdough,MET004,SMHMMET004,,,maharam-metric-sourdough,220,,0,Fabric
Maharam,Metric,Toffee,MET005,SMHMMET005,,,maharam-metric-toffee,220,,0,Fabric
Maharam,Metric,Driftwood,MET006,SMHMMET006,,,maharam-metric-driftwood,220,,0,Fabric
Maharam,Metric,Mineral,MET007,SMHMMET007,,,maharam-metric-mineral,220,,0,Fabric
Maharam,Metric,Bittersweet,MET008,SMHMMET008,,,maharam-metric-bittersweet,220,,0,Fabric
Maharam,Metric,Arabica,MET009,SMHMMET009,,,maharam-metric-arabica,220,,0,Fabric
Maharam,Metric,Cerise,MET010,SMHMMET010,,,maharam-metric-cerise,220,,0,Fabric
Maharam,Metric,Brick,MET011,SMHMMET011,,,maharam-metric-brick,220,,0,Fabric
Maharam,Metric,Cardinal,MET012,SMHMMET012,,,maharam-metric-cardinal,220,,0,Fabric
Maharam,Metric,Lava,MET013,SMHMMET013,,,maharam-metric-lava,220,,0,Fabric
Maharam,Metric,Oriole,MET014,SMHMMET014,,,maharam-metric-oriole,220,,0,Fabric
Maharam,Metric,Cedar,MET015,SMHMMET015,,,maharam-metric-cedar,220,,0,Fabric
Maharam,Metric,Caramel,MET017,SMHMMET017,,,maharam-metric-caramel,220,,0,Fabric
Maharam,Metric,Pollen,MET018,SMHMMET018,,,maharam-metric-pollen,220,,0,Fabric
Maharam,Metric,Tupelo,MET019,SMHMMET019,,,maharam-metric-tupelo,220,,0,Fabric
Maharam,Metric,Alligator,MET020,SMHMMET020,,,maharam-metric-alligator,220,,0,Fabric
Maharam,Metric,Envy,MET021,SMHMMET021,,,maharam-metric-envy,220,,0,Fabric
Maharam,Metric,Bonsai,MET022,SMHMMET022,,,maharam-metric-bonsai,220,,0,Fabric
Maharam,Metric,Tar,MET023,SMHMMET023,,,maharam-metric-tar,220,,0,Fabric
Maharam,Metric,Anchor,MET024,SMHMMET024,,,maharam-metric-anchor,220,,0,Fabric
Maharam,Metric,Twilight,MET025,SMHMMET025,,,maharam-metric-twilight,220,,0,Fabric
Maharam,Metric,Admiral,MET026,SMHMMET026,,,maharam-metric-admiral,220,,0,Fabric
Maharam,Metric,Seaport,MET027,SMHMMET027,,,maharam-metric-seaport,220,,0,Fabric
Maharam,Metric,Scuba,MET028,SMHMMET028,,,maharam-metric-scuba,220,,0,Fabric
Maharam,Steady,Cameo,SDY001,X5TY01,,,maharam-steady-cameo,150,,12,Fabric
Maharam,Steady,Drift,SDY002,X5TY02,,,maharam-steady-drift,150,,12,Fabric
Maharam,Steady,Summit,SDY003,X5TY03,,,maharam-steady-summit,150,,12,Fabric
Maharam,Steady,Bison,SDY004,X5TY04,,,maharam-steady-bison,150,,12,Fabric
Maharam,Steady,Thrive,SDY005,X5TY05,,,maharam-steady-thrive,150,,12,Fabric
Maharam,Steady,Estuary,SDY006,X5TY06,,,maharam-steady-estuary,150,,12,Fabric
Maharam,Steady,Aegean,SDY007,X5TY07,,,maharam-steady-aegean,150,,12,Fabric
Maharam,Steady,Marigold,SDY010,X5TY10,,,maharam-steady-marigold,150,,12,Fabric
Maharam,Steady,Brick,SDY012,X5TY12,,,maharam-steady-brick,150,,12,Fabric
Maharam,Steady,Cloak,SDY013,X5TY13,,,maharam-steady-cloak,150,,12,Fabric
Momentum,Pact,Aloe,PAC900,,,,momentum-pact-aloe,150,,0,Fabric
Momentum,Pact,Azure,PAC911,,,,momentum-pact-azure,150,,0,Fabric
Momentum,Pact,Calla,PAC922,,,,momentum-pact-calla,150,,0,Fabric
Momentum,Pact,Coastal,PAC933,,,,momentum-pact-coastal,150,,0,Fabric
Momentum,Pact,Dove,PAC955,,,,momentum-pact-dove,150,,0,Fabric
Momentum,Pact,Dragon,PAC966,,,,momentum-pact-dragon,150,,0,Fabric
Momentum,Pact,Eureka,PAC977,,,,momentum-pact-eureka,150,,0,Fabric
Momentum,Pact,Fern,PAC988,,,,momentum-pact-fern,150,,0,Fabric
Momentum,Pact,Harbour,PAC999,,,,momentum-pact-harbour,150,,0,Fabric
Momentum,Pact,Lily,PAC910,,,,momentum-pact-lily,150,,0,Fabric
Momentum,Pact,Lime,PAC921,,,,momentum-pact-lime,150,,0,Fabric
Momentum,Pact,Midnight,PAC932,,,,momentum-pact-midnight,150,,0,Fabric
Momentum,Pact,Nectar,PAC943,,,,momentum-pact-nectar,150,,0,Fabric
Momentum,Pact,Patina,PAC954,,,,momentum-pact-patina,150,,0,Fabric
Momentum,Pact,Putty,PAC965,,,,momentum-pact-putty,150,,0,Fabric
Momentum,Pact,Roast,PAC976,,,,momentum-pact-roast,150,,0,Fabric
Momentum,Pact,Roma,PAC987,,,,momentum-pact-roma,150,,0,Fabric
Momentum,Pact,Rubine,PAC998,,,,momentum-pact-rubine,150,,0,Fabric
Momentum,Pact,Sketch,PAC909,,,,momentum-pact-sketch,150,,0,Fabric
Momentum,Pact,Taupe,PAC931,,,,momentum-pact-taupe,150,,0,Fabric
Momentum,Pact,Toasty,PAC942,,,,momentum-pact-toasty,150,,0,Fabric
Pendleton,Wooly,Bamboo,WOL008,WOL008,,,pendleton-wooly-bamboo,240,,0,Fabric
Pendleton,Wooly,Black,WOL005,WOL005,,,pendleton-wooly-black,240,,0,Fabric
Pendleton,Wooly,Chaps,WOL014,WOL014,,,pendleton-wooly-chaps,240,,0,Fabric
Pendleton,Wooly,Charcoal Flannel,WOL004,WOL004,,,pendleton-wooly-charcoalflannel,240,,0,Fabric
Pendleton,Wooly,Framboise,WOL012,WOL012,,,pendleton-wooly-framboise,240,,0,Fabric
Pendleton,Wooly,Geranium,WOL011,WOL011,,,pendleton-wooly-geranium,240,,0,Fabric
Pendleton,Wooly,Grey Flannel,WOL003,WOL003,,,pendleton-wooly-greyflannel,240,,0,Fabric
Pendleton,Wooly,Lawn,WOL009,WOL009,,,pendleton-wooly-lawn,240,,0,Fabric
Pendleton,Wooly,Light Grey,WOL002,,,,pendleton-wooly-lightgrey,240,,0,Fabric
Pendleton,Wooly,Marine,WOL007,WOL007,,,pendleton-wooly-marine,240,,0,Fabric
Pendleton,Wooly,Natural Heather,WOL001,WOL001,,,pendleton-wooly-naturalheather,240,,0,Fabric
Pendleton,Wooly,Squash,WOL010,WOL010,,,pendleton-wooly-squash,240,,0,Fabric
Pendleton,Wooly,Turquoise,WOL006,WOL006,,,pendleton-wooly-turquoise,240,,0,Fabric
Pendleton,Wooly,Violet,WOL013,WOL013,,,pendleton-wooly-violet,240,,0,Fabric
Pendleton,Wooly,Walnut,WOL015,WOL015,,,pendleton-wooly-walnut,240,,0,Fabric
Spradling,Silvertex Vinyl,Blackberry,STX17,,,,spradling-silvertexvinyl-blackberry,150,,0,Fabric
Spradling,Silvertex Vinyl,Carbon,STX23,,,,spradling-silvertexvinyl-carbon,150,,0,Fabric
Spradling,Silvertex Vinyl,Celery,STX19,,,,spradling-silvertexvinyl-celery,150,,0,Fabric
Spradling,Silvertex Vinyl,Champagne,STX08,,,,spradling-silvertexvinyl-champagne,150,,0,Fabric
Spradling,Silvertex Vinyl,Ice,STX06,,,,spradling-silvertexvinyl-ice,150,,0,Fabric
Spradling,Silvertex Vinyl,Jet,STX05,,,,spradling-silvertexvinyl-jet,150,,0,Fabric
Spradling,Silvertex Vinyl,Luggage,STX13,,,,spradling-silvertexvinyl-luggage,150,,0,Fabric
Spradling,Silvertex Vinyl,Mandarin,STX11,,,,spradling-silvertexvinyl-mandarin,150,,0,Fabric
Spradling,Silvertex Vinyl,Meteor,STX24,,,,spradling-silvertexvinyl-meteor,150,,0,Fabric
Spradling,Silvertex Vinyl,Mocha,STX25,,,,spradling-silvertexvinyl-mocha,150,,0,Fabric
Spradling,Silvertex Vinyl,Sage,STX18,,,,spradling-silvertexvinyl-sage,150,,0,Fabric
Spradling,Silvertex Vinyl,Sunkist,STX12,,,,spradling-silvertexvinyl-sunkist,150,,0,Fabric
Teknit/True,Tria 2,Beanery,AS19R29,,,,teknittrue-tria2-beanery,100,,0,Fabric
Teknit/True,Tria 2,Biscay,AS19R25,,,,teknittrue-tria2-biscay,100,,0,Fabric
Teknit/True,Tria 2,Deep Violet,AS19R27,,,,teknittrue-tria2-deepviolet,100,,0,Fabric
Teknit/True,Tria 2,Ebony,AS19R23,,,,teknittrue-tria2-ebony,100,,0,Fabric
Teknit/True,Tria 2,Fennel,AS19R30,,,,teknittrue-tria2-fennel,100,,0,Fabric
Teknit/True,Tria 2,Goose,AS19R26,,,,teknittrue-tria2-goose,100,,0,Fabric
Teknit/True,Tria 2,Harvest,AS19R22,,,,teknittrue-tria2-harvest,100,,0,Fabric
Teknit/True,Tria 2,Ink,AS19R21,,,,teknittrue-tria2-ink,100,,0,Fabric
Teknit/True,Tria 2,Metal,AS19R24,,,,teknittrue-tria2-metal,100,,0,Fabric
Teknit/True,Tria 2,Spice,AS19R28,,,,teknittrue-tria2-spice,100,,0,Fabric
Valdese,Diode,Carbon,DOD13,,,,valdese-diode-carbon,140,,0,Fabric
Valdese,Diode,Chicory,DOD17,,,,valdese-diode-chicory,140,,0,Fabric
Valdese,Diode,Chili,DOD10,,,,valdese-diode-chili,140,,0,Fabric
Valdese,Diode,Eggplant,DOD12,,,,valdese-diode-eggplant,140,,0,Fabric
Valdese,Diode,Fennel,DOD15,,,,valdese-diode-fennel,140,,0,Fabric
Valdese,Diode,Ginger,DOD16,,,,valdese-diode-ginger,140,,0,Fabric
Valdese,Diode,Jade,DOD14,,,,valdese-diode-jade,140,,0,Fabric
Valdese,Diode,Mink,DOD11,,,,valdese-diode-mink,140,,0,Fabric
Valdese,Diode,Paprika,DOD18,,,,valdese-diode-paprika,140,,0,Fabric
Valdese,Mica,Anthracite,MCA911,MH11,,,valdese-mica-anthracite,120,,12,Fabric
Valdese,Mica,Breeze,MCA918,MH18,,,valdese-mica-breeze,120,,12,Fabric
Valdese,Mica,Buff,MCA914,MH14,,,valdese-mica-buff,120,,12,Fabric
Valdese,Mica,Cremini,MCA917,MH17,,,valdese-mica-cremini,120,,12,Fabric
Valdese,Mica,Crystal,MCAWIT,MHWT,,,valdese-mica-crystal,120,,12,Fabric
Valdese,Mica,Dew,MCA920,MH20,,,valdese-mica-dew,120,,12,Fabric
Valdese,Mica,Dove,MCA912,MH12,,,valdese-mica-dove,120,,12,Fabric
Valdese,Mica,Fresh,MCA916,MH16,,,valdese-mica-fresh,120,,12,Fabric
Valdese,Mica,Mineral,MCA915,MH15,,,valdese-mica-mineral,120,,12,Fabric
Valdese,Mica,Shale,MCA910,MH10,,,valdese-mica-shale,120,,12,Fabric
Valdese,Narrative,Buff,NTV03,,,,valdese-narrative-buff,150,,0,Fabric
Valdese,Narrative,Cerulean,NTV09,,,,valdese-narrative-cerulean,150,,0,Fabric
Valdese,Narrative,Conifer,NTV10,,,,valdese-narrative-conifer,150,,0,Fabric
Valdese,Narrative,Cordovan,NTV05,,,,valdese-narrative-cordovan,150,,0,Fabric
Valdese,Narrative,Falu Red,NTV06,,,,valdese-narrative-falured,150,,0,Fabric
Valdese,Narrative,Mustard,NTV07,,,,valdese-narrative-mustard,150,,0,Fabric
Valdese,Narrative,Pebble,NTV02,,,,valdese-narrative-pebble,150,,0,Fabric
Valdese,Narrative,Prussian,NTV08,,,,valdese-narrative-prussian,150,,0,Fabric
Valdese,Narrative,Umber,NTV01,,,,valdese-narrative-umber,150,,0,Fabric
Valdese,Narrative,White Pepper,NTV04,,,,valdese-narrative-whitepepper,150,,0,Fabric
Victor,Burst,Auburn,BST05,,,,victor-burst-auburn,150,,0,Fabric
Victor,Burst,Cardinal,BST07,,,,victor-burst-cardinal,150,,0,Fabric
Victor,Burst,Dove,BST06,,,,victor-burst-dove,150,,0,Fabric
Victor,Burst,Indigo,BST02,,,,victor-burst-indigo,150,,0,Fabric
Victor,Burst,Leek,BST09,,,,victor-burst-leek,150,,0,Fabric
Victor,Burst,Poolside,BST01,,,,victor-burst-poolside,150,,0,Fabric
Victor,Burst,Slate,BST03,,,,victor-burst-slate,150,,0,Fabric
Victor,Burst,Teak,BST04,,,,victor-burst-teak,150,,0,Fabric
Victor,Burst,Zinnia,BST08,,,,victor-burst-zinnia,150,,0,Fabric
Victor,Perennial,Bark,PNL04,,,,victor-perennial-bark,85,,2,Fabric
Victor,Perennial,Bellflower,PNL13,,,,victor-perennial-bellflower,85,,2,Fabric
Victor,Perennial,Daylily,PNL06,,,,victor-perennial-daylily,85,,2,Fabric
Victor,Perennial,Delphinium,PNL05,,,,victor-perennial-delphinium,85,,2,Fabric
Victor,Perennial,Fennel,PNL07,,,,victor-perennial-fennel,85,,2,Fabric
Victor,Perennial,Fuchsia,PNL15,,,,victor-perennial-fuchsia,85,,2,Fabric
Victor,Perennial,Helenium,PNL17,,,,victor-perennial-helenium,85,,2,Fabric
Victor,Perennial,Iris,PNL01,,,,victor-perennial-iris,85,,2,Fabric
Victor,Perennial,Ivy,PNL10,,,,victor-perennial-ivy,85,,2,Fabric
Victor,Perennial,Lilium,PNL14,,,,victor-perennial-lilium,85,,2,Fabric
Victor,Perennial,Phlox,PNL16,,,,victor-perennial-phlox,85,,2,Fabric
Victor,Perennial,Primrose,PNL12,,,,victor-perennial-primrose,85,,2,Fabric
Victor,Perennial,Sage,PNL03,,,,victor-perennial-sage,85,,2,Fabric
Victor,Perennial,Zinnia,PNL09,,,,victor-perennial-zinnia,85,,2,Fabric
Victor,Rift,Canyon,RFT05,,,,victor-rift-canyon,150,,12,Fabric
Victor,Rift,Chestnut,RFT03,,,,victor-rift-chestnut,150,,12,Fabric
Victor,Rift,Fallow,RFT04,,,,victor-rift-fallow,150,,12,Fabric
Victor,Rift,Pear,RFT07,,,,victor-rift-pear,150,,12,Fabric
Victor,Rift,Persimmon,RFT06,,,,victor-rift-persimmon,150,,12,Fabric
Victor,Rift,Sepia,RFT02,,,,victor-rift-sepia,150,,12,Fabric
Victor,Rift,Turquoise,RFT01,,,,victor-rift-turquoise,150,,12,Fabric
Victor,Seed,Dahlia,SED08,,,,victor-seed-dahlia,150,,0,Fabric
Victor,Seed,Lemon Balm,SED07,,,,victor-seed-lemonbalm,150,,0,Fabric
Victor,Seed,Russet,SED05,,,,victor-seed-russet,150,,0,Fabric
Victor,Seed,Silver Sage,SED06,,,,victor-seed-silversage,150,,0,Fabric
Victor,Seed,Spring Beige,SED04,,,,victor-seed-springbeige,150,,0,Fabric
Victor,Seed,Teal,SED01,,,,victor-seed-teal,150,,0,Fabric
Victor,Seed,Twilight,SED02,,,,victor-seed-twilight,150,,0,Fabric
Victor,Seed,Wenge,SED03,,,,victor-seed-wenge,150,,0,Fabric
Victor,Trisect,Brownstone,TSC88,,,,victor-trisect-brownstone,160,,0,Fabric
Victor,Trisect,Cayenne,TSC95,,,,victor-trisect-cayenne,160,,0,Fabric
Victor,Trisect,Marine,TSC97,,,,victor-trisect-marine,160,,0,Fabric
Victor,Trisect,Onyx,TSC99,,,,victor-trisect-onyx,160,,0,Fabric
Victor,Trisect,Pebble,TSC98,,,,victor-trisect-pebble,160,,0,Fabric
Victor,Trisect,Sprout,TSC94,,,,victor-trisect-sprout,160,,0,Fabric
Victor,Trisect,Surf,TSC96,,,,victor-trisect-surf,160,,0,Fabric
Victor,Trisect,Tangelo,TSC92,,,,victor-trisect-tangelo,160,,0,Fabric
TRUE,In Season,Alabaster,ISN040,,,,true-inseason-alabaster,150,,0,Fabric
TRUE,In Season,Cactus,ISN060,,,,true-inseason-cactus,150,,0,Fabric
TRUE,In Season,Ebony,ISN021,,,,true-inseason-ebony,150,,0,Fabric
TRUE,In Season,Harbor,ISN022,,,,true-inseason-harbor,150,,0,Fabric
TRUE,In Season,Lagoon,ISN050,,,,true-inseason-lagoon,150,,0,Fabric
TRUE,In Season,Limestone,ISN041,,,,true-inseason-limestone,150,,0,Fabric
TRUE,In Season,Meadow,ISN010,,,,true-inseason-meadow,150,,0,Fabric
TRUE,In Season,Sandstone,ISN012,,,,true-inseason-sandstone,150,,0,Fabric
TRUE,In Season,Shale,ISN013,,,,true-inseason-shale,150,,0,Fabric
TRUE,In Season,Smoke,ISN020,,,,true-inseason-smoke,150,,0,Fabric
TRUE,In Season,Sunset,ISN030,,,,true-inseason-sunset,150,,0,Fabric
TRUE,In Season,Tundra,ISN011,,,,true-inseason-tundra,150,,0,Fabric
TRUE,Moguls,Birch,MOG43,MOG43,,,true-moguls-birch,120,,6,Fabric
TRUE,Moguls,Flare,MOG88,MOG88,,,true-moguls-flare,120,,6,Fabric
TRUE,Moguls,Grape Jelly,MOG95,,,,true-moguls-grapejelly,120,,6,Fabric
TRUE,Moguls,Graphite,MOG97,MOG97,,,true-moguls-graphite,120,,6,Fabric
TRUE,Moguls,Java,MOG42,MOG42,,,true-moguls-java,120,,6,Fabric
TRUE,Moguls,Mandarin,MOG45,MOG45,,,true-moguls-mandarin,120,,6,Fabric
TRUE,Moguls,Navy,MOG86,MOG86,,,true-moguls-navy,120,,6,Fabric
TRUE,Moguls,Onyx,MOG99,MOG99,,,true-moguls-onyx,120,,6,Fabric
TRUE,Moguls,Verdant,MOG44,MOG44,,,true-moguls-verdant,120,,6,Fabric
TRUE,Moguls,Waterfall,MOG26,MOG26,,,true-moguls-waterfall,120,,6,Fabric
TRUE,Sockhop,Carbon,HOP18,HOP18,,,true-sockhop-carbon,130,,0,Fabric
TRUE,Sockhop,Cobalt,HOP12,,,,true-sockhop-cobalt,130,,0,Fabric
TRUE,Sockhop,Garnet,HOP51,HOP51,,,true-sockhop-garnet,130,,0,Fabric
TRUE,Sockhop,Graphite,HOP11,,,,true-sockhop-graphite,130,,0,Fabric
TRUE,Sockhop,Lawn,HOP61,HOP61,,,true-sockhop-lawn,130,,0,Fabric
TRUE,Sockhop,Platinum,HOP21,HOP21,,,true-sockhop-platinum,130,,0,Fabric
TRUE,Sockhop,Pool,HOP16,HOP16,,,true-sockhop-pool,130,,0,Fabric
TRUE,Sockhop,Pumpkin,HOP50,HOP50,,,true-sockhop-pumpkin,130,,0,Fabric
TRUE,Sockhop,Rattan,HOP60,HOP60,,,true-sockhop-rattan,130,,0,Fabric
TRUE,Sockhop,Truffle,HOP70,HOP70,,,true-sockhop-truffle,130,,0,Fabric
TRUE,Sockhop,Twilight,HOP13,,,,true-sockhop-twilight,130,,0,Fabric
